"",""
"","Qid"
"",""
"","05e9f838d75cba43ab19"
"","05eb2fbccc52aff2eeec"
"","05eb5b3709273432d3d3"
"","05edc0921b893991fd3c"
"","05ee50e9df603b5cffb0"
"","05eeea8bbaeb3095985a"
"","05ef08104343cede2dcf"
"","05ef37e63cf55b994f16"
"","05f13be4a9847a2c5f1e"
"","05f18a3175f9322e7c41"
"","05f2f26211d2939d2fac"
"","05f41c1cb96376e4203a"
"","05f5d0f560ab5c73b8a2"
"","05f6d92da36beb195298"
"","05f718cea3bb1c78fb48"
"","05f726b977006861cae5"
"","05f756f45e9f7ad39646"
"","05f75f38f6b02a1101f2"
"","05f89bc85c0a7fecefea"
"","05f8d944fc6e80142ef6"
"","05f931fd759df0ef2ab2"
"","05f93aca253bb6a46cbf"
"","05fa2914b83801e1471b"
"","05fa754bc624da66c030"
"","05faf0d58fbada09468a"
"","05fd07109678cedff402"
"","05fd70ed847bd3eebd07"
"","05ffd29396a62e87f819"
"","060438a8319344e82fb7"
"","0604939ea8e3a6f0f1cb"
"","060557183c10b85c782f"
"","06055c2ddf9a344348d1"
"","06059fcc15c7da2cf437"
"","0606b8b9fd67696a19dc"
"","0607ed95cc2038e98631"
"","0608aa20f765ab35950d"
"","0608da3a5fed83fe792f"
"","0609338dee541a017b5f"
"","060a0d34bdb9e7ff2c16"
"","060cd5e210e165e2b381"
"","060d2175ebea6364a486"
"","060f0160d58bfc00dec8"
"","060fae1953459e72862e"
"","0610a4d4b4f8ce6d41c0"
"","0611b39d9def3982814c"
"","0611bb0fbc0651f34417"
"","06128349f707f33c36a8"
"","0612c8cb579965cca41d"
"","0612d8761a6fd5e4217b"
"","0614889261d260492505"
"","0614ecbe648062d80ffb"
"","06159bf045d5fb40fbe8"
"","06162e7eeb33b040e60d"
"","0616b5638544119135f3"
"","061702ade1cd04d37e68"
"","0618137b88129c5ee2ac"
"","0618e1d615c8f70383dd"
"","0619d73e5becd3655c6a"
"","061a4aef5f2deefca379"
"","061af3a977f8f5a2142c"
"","061bd84236be420cabf5"
"","061c981ad4974f865734"
"","061d928f7cf3e780c586"
"","061e05d2cba101b4da1f"
"","061e66fd58243819a614"
"","061e83d37f1e2df30f11"
"","061f366edd90a4e5cb73"
"","06205ee1db7e0d8d25b1"
"","06218f1e48befd651dbd"
"","0621d64071b52989bfde"
"","06221a0d2d64e6e35bbe"
"","0623002f2f4fde219298"
"","0623adbcc7dcc9a279f6"
"","0623f7c5d729e06bee00"
"","06258572d8c69eebd0e3"
"","0625d533dd1cab47f4de"
"","062658a8f3108ab59d36"
"","06268e3309b8f903c14e"
"","06269ce72931afb88c78"
"","0626c6d55a20e3ce1bb1"
"","0627047e3f67abaebc31"
"","0627acefd14a0fcd9bab"
"","0628baa73021e059c0b4"
"","06292a3dcbbdf0d29dbf"
"","0629305a24a88471fb45"
"","0629c98e16bd0767cd2b"
"","062a79dd9876dd3aeb09"
"","062aca1b0148bd47fafe"
"","062b7a29d2b9d084434c"
"","062c669c5ded03d0f05b"
"","062cee28fcb4f8474a28"
"","062e907b803cc79e00fe"
"","062fb4aa3c28dba361d3"
"","0632697288caa6277338"
"","06326fedf183f8333b51"
"","0633896ae7314df006a2"
"","0634561dda57db6cea41"
"","0635752ea2b756d7b6a0"
"","0636d365db76d62eb078"
"","06370abc5f17826bbde2"
"","0637a22c38cffe142892"
